Variable Name,Friendly Name,Category,Subcategory,Definition,Data Type,Example Value,Allowed Values,Required,Tealium Variable Type,Tealium Variable Name,AWS Field Name,Sent to AWS,Contains PII,PII Classification,Source System,Owner,Status,Business Criticality,Journey,Schema Version,Deprecated Replacement,Notes,Date Added,Last Updated
product_name,Product Name,Product,Product,Human-readable name of the product associated with the event.,Array,,,False,UDO Variable,product_name,product_name,Yes,No,,Website / App,Digital Analytics,Active,High,Global / All Journeys,1.0,,Array field; related array variables should preserve the same item index.,2026-09-07,2026-09-11
product_id,Product ID,Product,Product,Identifier of the product associated with the event.,Array,,,False,UDO Variable,product_id,product_id,Yes,No,,Website / App,Digital Analytics,Draft,High,Global / All Journeys,1.0,,Array field; related array variables should preserve the same item index.,2026-09-07,2026-09-11
product_brand,Product Brand,Product,Product,Brand of the product associated with the event.,Array,,,False,UDO Variable,product_brand,product_brand,Yes,No,,Website / App,Digital Analytics,Draft,Medium,Global / All Journeys,1.0,,Array field; related array variables should preserve the same item index.,2026-09-07,2026-09-11
product_category,Product Category,Product,Product,Category used to classify the product associated with the event.,Array,,,False,UDO Variable,product_category,product_category,Yes,No,,Website / App,Digital Analytics,Draft,Medium,Global / All Journeys,1.0,,Array field; related array variables should preserve the same item index.,2026-09-07,2026-09-11
product_variant,Product Variant,Product,Product,Variant or option of the product associated with the event.,Array,,,False,UDO Variable,product_variant,product_variant,No,No,,Website / App,Digital Analytics,Draft,Medium,Global / All Journeys,1.0,,Array field; related array variables should preserve the same item index.,2026-09-07,2026-09-07
product_capacity,Product Capacity,Product,Product,"Capacity, size or allowance associated with the product.",Array,,,False,UDO Variable,product_capacity,product_capacity,Yes,No,,Website / App,Digital Analytics,Draft,Medium,Global / All Journeys,1.0,,Array field; related array variables should preserve the same item index.,2026-09-07,2026-09-11
product_target_segment,Product Target Segment,Product,Product,Customer segment targeted by the product.,Array,,,False,UDO Variable,product_target_segment,product_target_segment,No,No,,Website / App,Digital Analytics,Draft,Medium,Global / All Journeys,1.0,,Array field; related array variables should preserve the same item index.,2026-09-07,2026-09-07
product_quantity,Product Quantity,Product,Product,Quantity of the product associated with the event or transaction.,Array,,,False,UDO Variable,product_quantity,product_quantity,No,No,,Website / App,Digital Analytics,Draft,Medium,Global / All Journeys,1.0,,Array field; related array variables should preserve the same item index.,2026-09-07,2026-09-07
product_revenue,Product Revenue,Product,Product,Revenue amount associated with the product.,Array,,,False,UDO Variable,product_revenue,product_revenue,No,No,,Website / App,Digital Analytics,Draft,High,Global / All Journeys,1.0,,Array field; related array variables should preserve the same item index.,2026-09-07,2026-09-07
product_plan_data,Product Plan Data,Product,Product,Data allowance included with the product plan.,Array,,,False,UDO Variable,product_plan_data,product_plan_data,No,No,,Website / App,Digital Analytics,Draft,Medium,Global / All Journeys,1.0,,Array field; related array variables should preserve the same item index.,2026-09-07,2026-09-07
product_plan_minutes,Product Plan Minutes,Product,Product,Voice-minute allowance included with the product plan.,Array,,,False,UDO Variable,product_plan_minutes,product_plan_minutes,No,No,,Website / App,Digital Analytics,Draft,Medium,Global / All Journeys,1.0,,Array field; related array variables should preserve the same item index.,2026-09-07,2026-09-07
product_plan_sms,Product Plan SMS,Product,Product,SMS allowance included with the product plan.,Array,,,False,UDO Variable,product_plan_sms,product_plan_sms,No,No,,Website / App,Digital Analytics,Draft,Medium,Global / All Journeys,1.0,,Array field; related array variables should preserve the same item index.,2026-09-07,2026-09-07
product_plan_duration,Product Plan Duration,Product,Product,Validity or duration of the product plan.,Array,,,False,UDO Variable,product_plan_duration,product_plan_duration,No,No,,Website / App,Digital Analytics,Draft,Medium,Global / All Journeys,1.0,,Array field; related array variables should preserve the same item index.,2026-09-07,2026-09-07
product_network_plan,Product Network Plan,Product,Product,Network or tariff plan associated with the product.,Array,,,False,UDO Variable,product_network_plan,product_network_plan,No,No,,Website / App,Digital Analytics,Draft,Medium,Global / All Journeys,1.0,,Array field; related array variables should preserve the same item index.,2026-09-07,2026-09-07
product_package_name,Product Package Name,Product,Product,Package or bundle name associated with the product.,Array,,,False,UDO Variable,product_package_name,product_package_name,No,No,,Website / App,Digital Analytics,Draft,Medium,Global / All Journeys,1.0,,Array field; related array variables should preserve the same item index.,2026-09-07,2026-09-07
product_gallery_position,Product Gallery Position,Product,Product,Position at which the product appeared in a product gallery or listing.,Array,,,False,UDO Variable,product_gallery_position,product_gallery_position,No,No,,Website / App,Digital Analytics,Draft,Medium,Global / All Journeys,1.0,,Array field; related array variables should preserve the same item index.,2026-09-07,2026-09-07
product_stock_available,Product Stock Available,Product,Product,Indicates whether the product was available in stock when the event occurred.,Array,,,False,UDO Variable,product_stock_available,product_stock_available,No,No,,Website / App,Digital Analytics,Draft,Medium,Global / All Journeys,1.0,,Array field; related array variables should preserve the same item index.,2026-09-07,2026-09-07
transaction_id,Transaction ID,Transaction,Transaction,Unique identifier for the transaction associated with the analytics event.,String,,,False,UDO Variable,transaction_id,transaction_id,No,No,,Website / App,Digital Analytics,Draft,High,Global / All Journeys,1.0,,,2026-09-07,2026-09-07
transaction_payment_type,Transaction Payment Type,Transaction,Transaction,Payment type used for the transaction.,String,,,False,UDO Variable,transaction_payment_type,transaction_payment_type,No,No,,Website / App,Digital Analytics,Draft,Medium,Global / All Journeys,1.0,,,2026-09-07,2026-09-07
visitor_customer_type,Visitor Customer Type,Visitor,Visitor,"Customer classification associated with the visitor, such as prepaid, postpaid or another defined customer segment.",String,,,False,UDO Variable,visitor_customer_type,visitor_customer_type,No,No,,Website / App,Digital Analytics,Draft,Medium,Global / All Journeys,1.0,,,2026-09-07,2026-09-07
visitor_login_status,Visitor Login Status,Visitor,Visitor,Indicates whether the visitor is logged in or logged out when the event occurs.,String,,,False,UDO Variable,visitor_login_status,visitor_login_status,No,No,,Website / App,Digital Analytics,Draft,Medium,Global / All Journeys,1.0,,,2026-09-07,2026-09-07
visitor_login_type,Visitor Login Type,Visitor,Visitor,Method or authentication type used by the visitor to log in.,String,,,False,UDO Variable,visitor_login_type,visitor_login_type,No,No,,Website / App,Digital Analytics,Draft,Medium,Global / All Journeys,1.0,,,2026-09-07,2026-09-07
visitor_recency,Visitor Recency,Visitor,Visitor,Recency band showing how long it has been since the visitor last used the app or website.,String,Less than 7 days,First visit | Less than 1 day | Less than 7 days | Less than 30 days | 30 days or more,False,UDO Variable,visitor_recency,visitor_recency,No,No,,Website / App,Digital Analytics,Draft,Medium,Global / All Journeys,1.0,,Categorical recency band based on the customer's previous app or website visit.,2026-09-07,2026-09-07
hashed_msisdn,Hashed MSISDN,Visitor,Visitor,Hashed MSISDN used to identify a customer without storing the raw mobile number.,String,,,False,UDO Variable,hashed_msisdn,hashed_msisdn,No,Yes,Pseudonymous / Personal Data,Website / App,Digital Analytics,Draft,Medium,Global / All Journeys,1.0,,Store hashed value only; never send the raw identifier.,2026-09-07,2026-09-07
visitor_asset_plan_name_active,Visitor Asset Plan Name Active,Visitor,Visitor,Name of the customer's currently active plan associated with the event.,String,,,False,UDO Variable,visitor_asset_plan_name_active,visitor_asset_plan_name_active,No,No,,Website / App,Digital Analytics,Draft,Medium,Global / All Journeys,1.0,,,2026-09-07,2026-09-07
visitor_asset_plan_type_active,Visitor Asset Plan Type Active,Visitor,Visitor,Type of the customer's currently active plan associated with the event.,String,,,False,UDO Variable,visitor_asset_plan_type_active,visitor_asset_plan_type_active,No,No,,Website / App,Digital Analytics,Draft,Medium,Global / All Journeys,1.0,,,2026-09-07,2026-09-07
visitor_addon_type_active,Visitor Addon Type Active,Visitor,Visitor,Type of active add-on associated with the customer when the event occurs.,String,,,False,UDO Variable,visitor_addon_type_active,visitor_addon_type_active,No,No,,Website / App,Digital Analytics,Draft,Medium,Global / All Journeys,1.0,,,2026-09-07,2026-09-07
event_action,Event Action,Event,Event,Action performed by the customer or system for the tracked event.,String,,,False,UDO Variable,event_action,event_action,Yes,No,,Website / App,Digital Analytics,Draft,Medium,Global / All Journeys,1.0,,,2026-09-07,2026-09-11
event_category,Event Category,Event,Event,High-level category used to group similar analytics events.,String,,,False,UDO Variable,event_category,event_category,Yes,No,,Website / App,Digital Analytics,Draft,Medium,Global / All Journeys,1.0,,,2026-09-07,2026-09-11
event_label,Event Label,Event,Event,Descriptive label providing additional context for the analytics event.,String,,,False,UDO Variable,event_label,event_label,Yes,No,,Website / App,Digital Analytics,Draft,Medium,Global / All Journeys,1.0,,,2026-09-07,2026-09-11
event_value,Event Value,Event,Event,Value associated with the event when additional event-level context is required.,String,,,False,UDO Variable,event_value,event_value,Yes,No,,Website / App,Digital Analytics,Draft,Medium,Global / All Journeys,1.0,,,2026-09-07,2026-09-11
search_terms,Search Terms,Search,Search,Search term or phrase entered by the customer.,String,,,False,UDO Variable,search_terms,search_terms,No,No,,Website / App,Digital Analytics,Draft,Medium,Global / All Journeys,1.0,,,2026-09-07,2026-09-07
search_results,Search Results,Search,Search,Number of results returned for the customer's search.,Integer,,,False,UDO Variable,search_results,search_results,No,No,,Website / App,Digital Analytics,Draft,Medium,Global / All Journeys,1.0,,,2026-09-07,2026-09-07
search_category,Search Category,Search,Search,Category or scope in which the customer performed the search.,String,,,False,UDO Variable,search_category,search_category,No,No,,Website / App,Digital Analytics,Draft,Medium,Global / All Journeys,1.0,,,2026-09-07,2026-09-07
payment_method,Payment Method,Transaction,Transaction Extended,Payment method selected or used by the customer.,String,,,False,UDO Variable,payment_method,payment_method,No,No,,Website / App,Digital Analytics,Draft,Medium,Global / All Journeys,1.0,,,2026-09-07,2026-09-07
payment_preference,Payment Preference,Transaction,Transaction Extended,Customer's selected or stored payment preference.,String,,,False,UDO Variable,payment_preference,payment_preference,No,No,,Website / App,Digital Analytics,Draft,Medium,Global / All Journeys,1.0,,,2026-09-07,2026-09-07
tender_type,Tender Type,Transaction,Transaction Extended,Tender or funding type used to complete the payment.,String,,,False,UDO Variable,tender_type,tender_type,No,No,,Website / App,Digital Analytics,Draft,Medium,Global / All Journeys,1.0,,,2026-09-07,2026-09-07
promotion_code_name,Promotion Code Name,Transaction,Transaction Extended,Name or code of the promotion applied to the transaction.,String,,,False,UDO Variable,promotion_code_name,promotion_code_name,No,No,,Website / App,Digital Analytics,Draft,Medium,Global / All Journeys,1.0,,,2026-09-07,2026-09-07
promotional_code_description,Promotional Code Description,Transaction,Transaction Extended,Description of the promotion code applied to the transaction.,String,,,False,UDO Variable,promotional_code_description,promotional_code_description,No,No,,Website / App,Digital Analytics,Draft,Medium,Global / All Journeys,1.0,,,2026-09-07,2026-09-07
order_status,Order Status,Transaction,Transaction Extended,Current status of the order associated with the event.,String,,,False,UDO Variable,order_status,order_status,No,No,,Website / App,Digital Analytics,Draft,Medium,Global / All Journeys,1.0,,,2026-09-07,2026-09-07
cash_out_value,Cash Out Value,Transaction,Transaction Extended,Monetary value associated with a cash-out transaction.,Decimal,,,False,UDO Variable,cash_out_value,cash_out_value,No,No,,Website / App,Digital Analytics,Draft,Medium,Global / All Journeys,1.0,,,2026-09-07,2026-09-07
video_name,Video Name,Video,Video,Name or title of the video being viewed.,String,,,False,UDO Variable,video_name,video_name,No,No,,Website / App,Digital Analytics,Draft,Medium,Global / All Journeys,1.0,,,2026-09-07,2026-09-07
video_url,Video URL,Video,Video,URL of the video being viewed.,String,,,False,UDO Variable,video_url,video_url,No,No,,Website / App,Digital Analytics,Draft,Medium,Global / All Journeys,1.0,,,2026-09-07,2026-09-07
video_time_total,Video Time Total,Video,Video,Total duration of the video.,Decimal,,,False,UDO Variable,video_time_total,video_time_total,No,No,,Website / App,Digital Analytics,Draft,Medium,Global / All Journeys,1.0,,,2026-09-07,2026-09-07
video_time_played,Video Time Played,Video,Video,Amount of video playback time completed by the customer.,Decimal,,,False,UDO Variable,video_time_played,video_time_played,No,No,,Website / App,Digital Analytics,Draft,Medium,Global / All Journeys,1.0,,,2026-09-07,2026-09-07
video_playback_percent,Video Playback Percent,Video,Video,Percentage of the video watched by the customer.,Decimal,,,False,UDO Variable,video_playback_percent,video_playback_percent,No,No,,Website / App,Digital Analytics,Draft,Medium,Global / All Journeys,1.0,,,2026-09-07,2026-09-07
qr_type,QR Type,Event,QR,Type of QR code involved in the interaction.,String,,,False,UDO Variable,qr_type,qr_type,No,No,,Website / App,Digital Analytics,Draft,Medium,Global / All Journeys,1.0,,,2026-09-07,2026-09-07
qr_category,QR Category,Event,QR,Category used to classify the QR code interaction.,String,,,False,UDO Variable,qr_category,qr_category,No,No,,Website / App,Digital Analytics,Draft,Medium,Global / All Journeys,1.0,,,2026-09-07,2026-09-07
tool_name,Tool Name,Event,Tool,Name of the digital tool or calculator used by the customer.,String,,,False,UDO Variable,tool_name,tool_name,No,No,,Website / App,Digital Analytics,Draft,Medium,Global / All Journeys,1.0,,,2026-09-07,2026-09-07
tool_type,Tool Type,Event,Tool,Type or category of the digital tool used by the customer.,String,,,False,UDO Variable,tool_type,tool_type,No,No,,Website / App,Digital Analytics,Draft,Medium,Global / All Journeys,1.0,,,2026-09-07,2026-09-07
tool_input,Tool Input,Event,Tool,Input supplied by the customer to the digital tool.,String,,,False,UDO Variable,tool_input,tool_input,No,No,,Website / App,Digital Analytics,Draft,Medium,Global / All Journeys,1.0,,,2026-09-07,2026-09-07
tool_results,Tool Results,Event,Tool,Result returned by the digital tool after processing the customer's input.,String,,,False,UDO Variable,tool_results,tool_results,No,No,,Website / App,Digital Analytics,Draft,Medium,Global / All Journeys,1.0,,,2026-09-07,2026-09-07
lending_bank_name,Lending Bank Name,Journey,Lending,Name of the lending bank associated with the offer.,String,,,False,UDO Variable,lending_bank_name,lending_bank_name,No,No,,Website / App,Digital Analytics,Draft,Medium,Lending / SMME,1.0,,,2026-09-07,2026-09-07
lending_offer_name,Lending Offer Name,Journey,Lending,Name of the lending offer presented or selected by the customer.,String,,,False,UDO Variable,lending_offer_name,lending_offer_name,No,No,,Website / App,Digital Analytics,Draft,Medium,Lending / SMME,1.0,,,2026-09-07,2026-09-07
loan_amount,Loan Amount,Journey,Lending,"Loan amount requested, offered or selected by the customer.",Decimal,,,False,UDO Variable,loan_amount,loan_amount,No,Yes,Pseudonymous / Personal Data,Website / App,Digital Analytics,Draft,Medium,Lending / SMME,1.0,,,2026-09-07,2026-09-07
loan_period,Loan Period,Journey,Lending,Loan term or repayment period associated with the lending journey.,String,,,False,UDO Variable,loan_period,loan_period,No,No,,Website / App,Digital Analytics,Draft,Medium,Lending / SMME,1.0,,,2026-09-07,2026-09-07
loan_reason,Loan Reason,Journey,Lending,Reason selected or provided by the customer for requesting the loan.,String,,,False,UDO Variable,loan_reason,loan_reason,No,Yes,Pseudonymous / Personal Data,Website / App,Digital Analytics,Draft,Medium,Lending / SMME,1.0,,,2026-09-07,2026-09-07
cover_amount,Cover Amount,Journey,Lending,Insurance or protection cover amount selected or associated with the customer.,Decimal,,,False,UDO Variable,cover_amount,cover_amount,No,Yes,Pseudonymous / Personal Data,Website / App,Digital Analytics,Draft,Medium,Lending / SMME,1.0,,,2026-09-07,2026-09-07
employment_start,Employment Start,Journey,Lending,Customer's employment start date captured during an application journey.,Date,,,False,UDO Variable,employment_start,employment_start,No,Yes,Pseudonymous / Personal Data,Website / App,Digital Analytics,Draft,Medium,Lending / SMME,1.0,,,2026-09-07,2026-09-07
employment_end,Employment End,Journey,Lending,Customer's employment end date captured during an application journey when applicable.,Date,,,False,UDO Variable,employment_end,employment_end,No,Yes,Pseudonymous / Personal Data,Website / App,Digital Analytics,Draft,Medium,Lending / SMME,1.0,,,2026-09-07,2026-09-07
monthly_expenses,Monthly Expenses,Journey,Lending,Customer's declared monthly expenses captured during an application journey.,Decimal,,,False,UDO Variable,monthly_expenses,monthly_expenses,No,Yes,Pseudonymous / Personal Data,Website / App,Digital Analytics,Draft,Medium,Lending / SMME,1.0,,,2026-09-07,2026-09-07
smme_monthly_income,SMME Monthly Income,Journey,Lending,Declared monthly income for the SMME customer or business.,Decimal,,,False,UDO Variable,smme_monthly_income,smme_monthly_income,No,Yes,Pseudonymous / Personal Data,Website / App,Digital Analytics,Draft,Medium,Lending / SMME,1.0,,,2026-09-07,2026-09-07
smme_bca_payment_period,SMME BCA Payment Period,Journey,Lending,Repayment period selected by an SMME customer for paying back a Business Cash Advance loan.,String,6 months,,False,UDO Variable,smme_bca_payment_period,smme_bca_payment_period,No,No,,Website / App,Digital Analytics,Draft,Medium,Lending / SMME,1.0,,,2026-09-07,2026-09-07
smme_source_of_funds,SMME Source Of Funds,Journey,Lending,Declared source of funds for the SMME customer or business.,String,,,False,UDO Variable,smme_source_of_funds,smme_source_of_funds,No,Yes,Pseudonymous / Personal Data,Website / App,Digital Analytics,Draft,Medium,Lending / SMME,1.0,,,2026-09-07,2026-09-07
smme_source_of_wealth,SMME Source Of Wealth,Journey,Lending,Declared source of wealth for the SMME customer or business.,String,,,False,UDO Variable,smme_source_of_wealth,smme_source_of_wealth,No,Yes,Pseudonymous / Personal Data,Website / App,Digital Analytics,Draft,Medium,Lending / SMME,1.0,,,2026-09-07,2026-09-07
citizenship_type,Citizenship Type,Journey,Lending,Citizenship classification selected or associated with the customer.,String,,,False,UDO Variable,citizenship_type,citizenship_type,Yes,Yes,Pseudonymous / Personal Data,Website / App,Digital Analytics,Draft,Medium,Lending / SMME,1.0,nan,,2026-09-07,2026-09-11
otp_method,OTP Method,Journey,Lending,Method used to deliver or complete one-time-password verification.,String,,,False,UDO Variable,otp_method,otp_method,No,No,,Website / App,Digital Analytics,Draft,Medium,Lending / SMME,1.0,,,2026-09-07,2026-09-07
goal_status,Goal Status,Journey,Rewards,Current status of a customer goal in the rewards experience.,String,,,False,UDO Variable,goal_status,goal_status,No,No,,Website / App,Digital Analytics,Draft,Medium,Rewards,1.0,,,2026-09-07,2026-09-07
goal_description,Goal Description,Journey,Rewards,Description of the customer goal in the rewards experience.,String,,,False,UDO Variable,goal_description,goal_description,No,No,,Website / App,Digital Analytics,Draft,Medium,Rewards,1.0,,,2026-09-07,2026-09-07
reward_description,Reward Description,Journey,Rewards,"Description of the reward presented, earned or redeemed by the customer.",String,,,False,UDO Variable,reward_description,reward_description,No,No,,Website / App,Digital Analytics,Draft,Medium,Rewards,1.0,,,2026-09-07,2026-09-07
box_type,Box Type,Journey,Rewards,Type of reward box presented in the rewards journey.,String,Daily Reward Box,,False,UDO Variable,box_type,box_type,No,No,,Website / App,Digital Analytics,Draft,Medium,Rewards,1.0,,,2026-09-07,2026-09-07
daily_unbox_type,Daily Unbox Type,Journey,Rewards,Type of daily reward unboxing experience presented to the customer.,String,Daily Spin,,False,UDO Variable,daily_unbox_type,daily_unbox_type,No,No,,Website / App,Digital Analytics,Draft,Medium,Rewards,1.0,,,2026-09-07,2026-09-07
unbox_method,Unbox Method,Journey,Rewards,Method used by the customer to unbox or reveal a reward in the rewards journey.,String,Tap to reveal,,False,UDO Variable,unbox_method,unbox_method,No,No,,Website / App,Digital Analytics,Draft,Medium,Rewards,1.0,,,2026-09-07,2026-09-07
retailer_type,Retailer Type,Journey,Rewards,Retailer category or type associated with the reward or redemption.,String,,,False,UDO Variable,retailer_type,retailer_type,No,No,,Website / App,Digital Analytics,Draft,Medium,Rewards,1.0,,,2026-09-07,2026-09-07
vb_price,VodaBucks Price,Journey,Rewards,VodaBucks price required to purchase or redeem the associated reward or item.,Decimal,250,,False,UDO Variable,vb_price,vb_price,No,No,,Website / App,Digital Analytics,Draft,Medium,Rewards,1.0,,,2026-09-07,2026-09-07
support_cause_name,Support Cause Name,Journey,Support,Reason or cause associated with the customer's support request.,String,,,False,UDO Variable,support_cause_name,support_cause_name,No,No,,Website / App,Digital Analytics,Draft,Medium,Support,1.0,,,2026-09-07,2026-09-07
support_escalation_type,Support Escalation Type,Journey,Support,Type of escalation applied to a customer support interaction.,String,,,False,UDO Variable,support_escalation_type,support_escalation_type,No,No,,Website / App,Digital Analytics,Draft,Medium,Support,1.0,,,2026-09-07,2026-09-07
chat_agent_id,Chat Agent ID,Journey,Support,Identifier of the support agent involved in the chat interaction.,String,,,False,UDO Variable,chat_agent_id,chat_agent_id,No,Yes,Pseudonymous / Personal Data,Website / App,Digital Analytics,Draft,Medium,Support,1.0,,,2026-09-07,2026-09-07
chat_trigger,Chat Trigger,Journey,Support,Trigger that initiated the customer support chat.,String,,,False,UDO Variable,chat_trigger,chat_trigger,No,No,,Website / App,Digital Analytics,Draft,Medium,Support,1.0,,,2026-09-07,2026-09-07
chat_total_time,Chat Total Time,Journey,Support,Total duration of the customer support chat.,Decimal,,,False,UDO Variable,chat_total_time,chat_total_time,No,No,,Website / App,Digital Analytics,Draft,Medium,Support,1.0,,,2026-09-07,2026-09-07
survey_name,Survey Name,Event,Survey,Name of the survey presented to the customer.,String,,,False,UDO Variable,survey_name,survey_name,No,No,,Website / App,Digital Analytics,Draft,Medium,Global / All Journeys,1.0,,,2026-09-07,2026-09-07
survey_id,Survey ID,Event,Survey,Identifier of the survey presented to the customer.,String,,,False,UDO Variable,survey_id,survey_id,No,No,,Website / App,Digital Analytics,Draft,Medium,Global / All Journeys,1.0,,,2026-09-07,2026-09-07
survey_score_nps,Survey Score NPS,Event,Survey,Net Promoter Score value submitted by the customer.,Integer,,,False,UDO Variable,survey_score_nps,survey_score_nps,No,No,,Website / App,Digital Analytics,Draft,Medium,Global / All Journeys,1.0,,,2026-09-07,2026-09-07
survey_response,Survey Response,Event,Survey,Free-text or structured response submitted by the customer in the survey.,String,,,False,UDO Variable,survey_response,survey_response,No,No,,Website / App,Digital Analytics,Draft,Medium,Global / All Journeys,1.0,,,2026-09-07,2026-09-07
browser_width,Browser Width,Device,Device,Width of the browser viewport in pixels when the event occurred.,Integer,,,False,UDO Variable,browser_width,browser_width,No,No,,Website / App,Digital Analytics,Draft,Medium,Global / All Journeys,1.0,,,2026-09-07,2026-09-07
browser_height,Browser Height,Device,Device,Height of the browser viewport in pixels when the event occurred.,Integer,,,False,UDO Variable,browser_height,browser_height,No,No,,Website / App,Digital Analytics,Draft,Medium,Global / All Journeys,1.0,,,2026-09-07,2026-09-07
resolution,Resolution,Device,Device,Screen resolution reported by the customer's device.,String,,,False,UDO Variable,resolution,resolution,No,No,,Website / App,Digital Analytics,Draft,Medium,Global / All Journeys,1.0,,,2026-09-07,2026-09-07
color_depth,Color Depth,Device,Device,Screen color depth reported by the customer's browser or device.,Integer,,,False,UDO Variable,color_depth,color_depth,No,No,,Website / App,Digital Analytics,Draft,Medium,Global / All Journeys,1.0,,,2026-09-07,2026-09-07
camera_status,Camera Status,Device,Device,Status of camera access or availability when relevant to the journey.,String,granted,,False,UDO Variable,camera_status,camera_status,No,No,,Website / App,Digital Analytics,Draft,Medium,Global / All Journeys,1.0,,,2026-09-07,2026-09-07
page_error,Page Error,Errors,Errors,Error message or code encountered while loading or using a page or screen.,String,,,False,UDO Variable,page_error,page_error,No,No,,Website / App,Digital Analytics,Draft,Medium,Global / All Journeys,1.0,,,2026-09-07,2026-09-07
event_error,Event Error,Errors,Errors,Error message or code associated with a tracked event.,String,,,False,UDO Variable,event_error,event_error,No,No,,Website / App,Digital Analytics,Draft,Medium,Global / All Journeys,1.0,,,2026-09-07,2026-09-07
form_error,Form Error,Errors,Errors,Error message or code encountered while completing a form.,String,,,False,UDO Variable,form_error,form_error,No,No,,Website / App,Digital Analytics,Draft,Medium,Global / All Journeys,1.0,,,2026-09-07,2026-09-07
tool_error,Tool Error,Errors,Errors,Error message or code encountered while using a digital tool.,String,,,False,UDO Variable,tool_error,tool_error,No,No,,Website / App,Digital Analytics,Draft,Medium,Global / All Journeys,1.0,,,2026-09-07,2026-09-07
campaign_external_id,Campaign External ID,Campaign,Campaign,Id associated with an external marketing campaign used for acquisition or attribution.,String,,,False,UDO Variable,campaign_external_id,campaign_external_id,No,No,,Marketing / Tealium,Marketing Analytics,Draft,Medium,Global / All Journeys,1.0,,,2026-09-07,2026-09-07
campaign_internal_id,Campaign Internal ID,Campaign,Campaign,Id associated with an internal onsite or in-app campaign used for attribution.,String,,,False,UDO Variable,campaign_internal_id,campaign_internal_id,No,No,,Marketing / Tealium,Marketing Analytics,Draft,Medium,Global / All Journeys,1.0,,,2026-09-07,2026-09-07
tracking_code,Tracking Code,Campaign,Campaign,"Tracking code used to attribute a visit, session or event to a marketing campaign.",String,,,False,UDO Variable,tracking_code,tracking_code,No,No,,Marketing / Tealium,Marketing Analytics,Draft,Medium,Global / All Journeys,1.0,,,2026-09-07,2026-09-07
referrer,Referrer,Campaign,Campaign,Referring URL or source that directed the visitor to the digital experience.,String,,,False,UDO Variable,referrer,referrer,No,No,,Marketing / Tealium,Marketing Analytics,Draft,Medium,Global / All Journeys,1.0,,,2026-09-07,2026-09-07
campaign_external_content,Campaign External Content,Campaign,Campaign,Content associated with an external marketing campaign used for acquisition or attribution.,String,,,False,UDO Variable,campaign_external_content,campaign_external_content,No,No,,Marketing / Tealium,Marketing Analytics,Draft,Medium,Global / All Journeys,1.0,,,2026-09-07,2026-09-07
campaign_external_medium,Campaign External Medium,Campaign,Campaign,Medium associated with an external marketing campaign used for acquisition or attribution.,String,,,False,UDO Variable,campaign_external_medium,campaign_external_medium,No,No,,Marketing / Tealium,Marketing Analytics,Draft,Medium,Global / All Journeys,1.0,,,2026-09-07,2026-09-07
campaign_external_name,Campaign External Name,Campaign,Campaign,Name associated with an external marketing campaign used for acquisition or attribution.,String,,,False,UDO Variable,campaign_external_name,campaign_external_name,No,No,,Marketing / Tealium,Marketing Analytics,Draft,Medium,Global / All Journeys,1.0,,,2026-09-07,2026-09-07
campaign_external_source,Campaign External Source,Campaign,Campaign,Source associated with an external marketing campaign used for acquisition or attribution.,String,,,False,UDO Variable,campaign_external_source,campaign_external_source,No,No,,Marketing / Tealium,Marketing Analytics,Draft,Medium,Global / All Journeys,1.0,,,2026-09-07,2026-09-07
campaign_external_term,Campaign External Term,Campaign,Campaign,Term associated with an external marketing campaign used for acquisition or attribution.,String,,,False,UDO Variable,campaign_external_term,campaign_external_term,No,No,,Marketing / Tealium,Marketing Analytics,Draft,Medium,Global / All Journeys,1.0,,,2026-09-07,2026-09-07
campaign_external_visitor_type,Campaign External Visitor Type,Campaign,Campaign,Visitor type associated with an external marketing campaign used for acquisition or attribution.,String,,,False,UDO Variable,campaign_external_visitor_type,campaign_external_visitor_type,No,No,,Marketing / Tealium,Marketing Analytics,Draft,Medium,Global / All Journeys,1.0,,,2026-09-07,2026-09-07
campaign_external_journey_phase,Campaign External Journey Phase,Campaign,Campaign,Journey phase associated with an external marketing campaign used for acquisition or attribution.,String,,,False,UDO Variable,campaign_external_journey_phase,campaign_external_journey_phase,No,No,,Marketing / Tealium,Marketing Analytics,Draft,Medium,Global / All Journeys,1.0,,,2026-09-07,2026-09-07
campaign_external_type,Campaign External Type,Campaign,Campaign,Type associated with an external marketing campaign used for acquisition or attribution.,String,,,False,UDO Variable,campaign_external_type,campaign_external_type,No,No,,Marketing / Tealium,Marketing Analytics,Draft,Medium,Global / All Journeys,1.0,,,2026-09-07,2026-09-07
campaign_external_version,Campaign External Version,Campaign,Campaign,Version associated with an external marketing campaign used for acquisition or attribution.,String,,,False,UDO Variable,campaign_external_version,campaign_external_version,No,No,,Marketing / Tealium,Marketing Analytics,Draft,Medium,Global / All Journeys,1.0,,,2026-09-07,2026-09-07
campaign_external_audience,Campaign External Audience,Campaign,Campaign,Audience associated with an external marketing campaign used for acquisition or attribution.,String,,,False,UDO Variable,campaign_external_audience,campaign_external_audience,No,No,,Marketing / Tealium,Marketing Analytics,Draft,Medium,Global / All Journeys,1.0,,,2026-09-07,2026-09-07
campaign_internal_content,Campaign Internal Content,Campaign,Campaign,Content associated with an internal onsite or in-app campaign used for attribution.,String,,,False,UDO Variable,campaign_internal_content,campaign_internal_content,No,No,,Marketing / Tealium,Marketing Analytics,Draft,Medium,Global / All Journeys,1.0,,,2026-09-07,2026-09-07
campaign_internal_medium,Campaign Internal Medium,Campaign,Campaign,Medium associated with an internal onsite or in-app campaign used for attribution.,String,,,False,UDO Variable,campaign_internal_medium,campaign_internal_medium,No,No,,Marketing / Tealium,Marketing Analytics,Draft,Medium,Global / All Journeys,1.0,,,2026-09-07,2026-09-07
campaign_internal_name,Campaign Internal Name,Campaign,Campaign,Name associated with an internal onsite or in-app campaign used for attribution.,String,,,False,UDO Variable,campaign_internal_name,campaign_internal_name,No,No,,Marketing / Tealium,Marketing Analytics,Draft,Medium,Global / All Journeys,1.0,,,2026-09-07,2026-09-07
campaign_internal_source,Campaign Internal Source,Campaign,Campaign,Source associated with an internal onsite or in-app campaign used for attribution.,String,,,False,UDO Variable,campaign_internal_source,campaign_internal_source,No,No,,Marketing / Tealium,Marketing Analytics,Draft,Medium,Global / All Journeys,1.0,,,2026-09-07,2026-09-07
campaign_internal_term,Campaign Internal Term,Campaign,Campaign,Term associated with an internal onsite or in-app campaign used for attribution.,String,,,False,UDO Variable,campaign_internal_term,campaign_internal_term,No,No,,Marketing / Tealium,Marketing Analytics,Draft,Medium,Global / All Journeys,1.0,,,2026-09-07,2026-09-07
campaign_internal_visitor_type,Campaign Internal Visitor Type,Campaign,Campaign,Visitor type associated with an internal onsite or in-app campaign used for attribution.,String,,,False,UDO Variable,campaign_internal_visitor_type,campaign_internal_visitor_type,No,No,,Marketing / Tealium,Marketing Analytics,Draft,Medium,Global / All Journeys,1.0,,,2026-09-07,2026-09-07
campaign_internal_journey_phase,Campaign Internal Journey Phase,Campaign,Campaign,Journey phase associated with an internal onsite or in-app campaign used for attribution.,String,,,False,UDO Variable,campaign_internal_journey_phase,campaign_internal_journey_phase,No,No,,Marketing / Tealium,Marketing Analytics,Draft,Medium,Global / All Journeys,1.0,,,2026-09-07,2026-09-07
campaign_internal_type,Campaign Internal Type,Campaign,Campaign,Type associated with an internal onsite or in-app campaign used for attribution.,String,,,False,UDO Variable,campaign_internal_type,campaign_internal_type,No,No,,Marketing / Tealium,Marketing Analytics,Draft,Medium,Global / All Journeys,1.0,,,2026-09-07,2026-09-07
campaign_internal_version,Campaign Internal Version,Campaign,Campaign,Version associated with an internal onsite or in-app campaign used for attribution.,String,,,False,UDO Variable,campaign_internal_version,campaign_internal_version,No,No,,Marketing / Tealium,Marketing Analytics,Draft,Medium,Global / All Journeys,1.0,,,2026-09-07,2026-09-07
campaign_internal_audience,Campaign Internal Audience,Campaign,Campaign,Audience associated with an internal onsite or in-app campaign used for attribution.,String,,,False,UDO Variable,campaign_internal_audience,campaign_internal_audience,No,No,,Marketing / Tealium,Marketing Analytics,Draft,Medium,Global / All Journeys,1.0,,,2026-09-07,2026-09-07
event_id,Event ID,Core / Technical,Core,"Unique identifier for an analytics event, used to relate the event to associated product, transaction, campaign, device and other contextual records.",String,,,False,UDO Variable,iQ Event ID,event_id,No,No,,Website / App,Digital Analytics,Draft,High,Global / All Journeys,1.0,nan,,2026-09-07,2026-09-11
session_id,Session ID,Core / Technical,Core,Identifier for the visitor session in which the analytics event occurred.,String,,,False,UDO Variable,(UTAG) session_id,session_id,Yes,No,,Website / App,Digital Analytics,Draft,High,Global / All Journeys,1.0,nan,,2026-09-07,2026-09-11
user_id,User ID,Core / Technical,Core,Persistent application or authenticated user identifier used to associate analytics activity with a known user.,String,,,False,UDO Variable,user_id,user_id,No,Yes,Pseudonymous / Personal Data,Website / App,Digital Analytics,Active,High,Global / All Journeys,1.0,,,2026-09-07,2026-09-07
visitor_id_asset_active,Visitor ID Asset Active,Core / Technical,Core,Hashed MSISDN used as a privacy-preserving identifier for the customer's active mobile asset.,String,a94f...hashed,,False,UDO Variable,visitor_id_asset_active,hashed_cell_number,Yes,Yes,Pseudonymous / Personal Data,Website / App,Digital Analytics,Draft,High,Global / All Journeys,1.0,nan,Store hashed value only; never send the raw identifier.,2026-09-07,2026-09-11
hashed_email_address,Visitor ID Marketing Email,Core / Technical,Core,Hashed email address used as a privacy-preserving identifier for marketing and analytics use cases.,String,b73e...hashed,,False,UDO Variable,visitor_id_marketing_email,hashed_email_address,Yes,Yes,Pseudonymous / Personal Data,Website / App,Digital Analytics,Draft,Medium,Global / All Journeys,1.0,nan,Store hashed value only; never send the raw identifier.,2026-09-07,2026-09-11
analytics_account,Analytics Account,Core / Technical,Core,Analytics account in which the tracking implementation is configured. The current account is Vodafone.,String,Vodafone,,False,UDO Variable,(UTAG) account,analytics_account,Yes,No,,Website / App,Digital Analytics,Draft,Medium,Global / All Journeys,1.0,nan,,2026-09-07,2026-09-11
tealium_profile,Tealium Profile,Core / Technical,Core,Name of the Tealium profile responsible for the analytics implementation.,String,,,False,UDO Variable,tealium_profile,tealium_profile,No,No,,Tealium,Digital Analytics,Draft,Medium,Global / All Journeys,1.0,,,2026-09-07,2026-09-07
tealium_library_version,Tealium Library Version,Core / Technical,Core,Version of the Tealium library running when the event was generated.,String,,,False,UDO Variable,tealium_library_version,tealium_library_version,No,No,,Tealium,Digital Analytics,Draft,Medium,Global / All Journeys,1.0,,,2026-09-07,2026-09-07
implementation_version,Implementation Version,Core / Technical,Core,Version of the digital analytics implementation or tagging specification.,String,,,False,UDO Variable,implementation_version,implementation_version,No,No,,Website / App,Digital Analytics,Draft,Medium,Global / All Journeys,1.0,,,2026-09-07,2026-09-07
tealium_timestamp_local,Tealium Timestamp Local,Core / Technical,Core,Local timestamp generated by Tealium when the event occurred.,Datetime,,,False,UDO Variable,tealium_timestamp_local,tealium_timestamp_local,No,No,,Tealium,Digital Analytics,Draft,Medium,Global / All Journeys,1.0,,,2026-09-07,2026-09-07
schema_version,Schema Version,Core / Technical,Core,Version of the analytics event schema used to structure the payload.,String,,,False,UDO Variable,schema_version,schema_version,No,No,,Website / App,Digital Analytics,Draft,Medium,Global / All Journeys,1.0,,,2026-09-07,2026-09-07
environment,Environment,Core / Technical,Core,"Environment from which the event was generated, such as development, staging or production.",String,production,dev | staging | prod,False,UDO Variable,(UTAG) environment (js),environment,Yes,No,,Website / App,Digital Analytics,Draft,Medium,Global / All Journeys,1.0,nan,,2026-09-07,2026-09-11
event_name,Event Name,Core / Technical,Core,Name of the analytics event generated by a customer or system interaction.,Array,page_view,,False,UDO Variable,event_name,event_name,Yes,No,,Website / App,Digital Analytics,Active,High,Global / All Journeys,1.0,,Array field; related array variables should preserve the same item index.,2026-09-07,2026-09-11
tealium_event,Tealium Event,Core / Technical,Core,Tealium event value used to identify the type of tracked interaction.,String,,,False,UDO Variable,tealium_event,tealium_event,No,No,,Tealium,Digital Analytics,Draft,Medium,Global / All Journeys,1.0,,,2026-09-07,2026-09-07
page_name,Page Name,Core / Technical,Core,Standard analytics name identifying the page or screen viewed by the customer.,String,vodapay:vouchers:landing-page,,False,UDO Variable,page_name,page_name,Yes,No,,Website / App,Digital Analytics,Active,High,Global / All Journeys,1.0,nan,,2026-09-07,2026-09-11
previous_page_name,Previous Page Name,Core / Technical,Core,Standard analytics name of the page or screen viewed immediately before the current page.,String,,,False,UDO Variable,previous_page_name,previous_page_name,No,No,,Website / App,Digital Analytics,Draft,Medium,Global / All Journeys,1.0,,,2026-09-07,2026-09-07
tealium_id,Tealium ID,Core / Technical,Core,Tealium-generated visitor identifier used to associate analytics activity across visits.,String,,,False,UDO Variable,tealium_id,tealium_id,Yes,Yes,Pseudonymous / Personal Data,Tealium,Digital Analytics,Active,High,Global / All Journeys,1.0,nan,,2026-09-07,2026-09-11
aws_received_at,AWS Received At,Core / Technical,Core,Timestamp recorded by AWS when the analytics payload is received by the ingestion layer.,Datetime,,,False,Other,N/A,aws_received_at,No,No,,AWS,Digital Analytics,Draft,Medium,Global / All Journeys,1.0,,,2026-09-07,2026-09-07
reporting_timestamp_za,Reporting Timestamp Za,Core / Technical,Core,Analytics event timestamp converted to South African reporting time.,Datetime,,,False,Other,N/A,reporting_timestamp_za,No,No,,AWS,Digital Analytics,Draft,Medium,Global / All Journeys,1.0,,,2026-09-07,2026-09-07
page_type,Page Type,Page,Page,Type or template classification of the current page or screen.,String,,,False,UDO Variable,page_type,page_type,No,No,,Website / App,Digital Analytics,Draft,Medium,Global / All Journeys,1.0,,,2026-09-07,2026-09-07
page_section,Page Section,Page,Page,Business or content section in which the current page or screen sits.,String,,,False,UDO Variable,page_section,page_section,No,No,,Website / App,Digital Analytics,Draft,Medium,Global / All Journeys,1.0,,,2026-09-07,2026-09-07
page_channel,Page Channel,Page,Page,"Digital channel used by the visitor, indicating whether the experience is on the mobile app or website.",String,Mobile App,Mobile App | Website,False,UDO Variable,page_channel,page_channel,No,No,,Website / App,Digital Analytics,Draft,Medium,Global / All Journeys,1.0,,,2026-09-07,2026-09-07
page_url,Page URL,Page,Page,Full URL of the current web page when available.,String,,,False,UDO Variable,page_url,page_url,Yes,No,,Website / App,Digital Analytics,Draft,Medium,Global / All Journeys,1.0,nan,,2026-09-07,2026-09-11
page_title,Page Title,Page,Page,Page or screen title presented to the customer.,String,,,False,UDO Variable,page_title,page_title,Yes,No,,Website / App,Digital Analytics,Draft,Medium,Global / All Journeys,1.0,nan,,2026-09-07,2026-09-11
page_platform,Page Platform,Page,Page,Platform on which the page or screen is rendered.,String,web,,False,UDO Variable,page_platform,page_platform,No,No,,Website / App,Digital Analytics,Draft,Medium,Global / All Journeys,1.0,,,2026-09-07,2026-09-07
page_locale,Page Locale,Page,Page,Locale or language-region setting associated with the current page.,String,en-ZA,,False,UDO Variable,page_locale,page_locale,No,No,,Website / App,Digital Analytics,Draft,Medium,Global / All Journeys,1.0,,,2026-09-07,2026-09-07
page_country,Page Country,Page,Page,Country context associated with the current page or experience.,String,ZA,,False,UDO Variable,page_country,page_country,No,No,,Website / App,Digital Analytics,Draft,Medium,Global / All Journeys,1.0,,,2026-09-07,2026-09-07
page_section_lvl1,Page Section Lvl1,Page,Page,First-level section in the page hierarchy.,String,,,False,UDO Variable,page_section_lvl1,page_section_lvl1,No,No,,Website / App,Digital Analytics,Draft,Medium,Global / All Journeys,1.0,,,2026-09-07,2026-09-07
page_section_lvl2,Page Section Lvl2,Page,Page,Second-level section in the page hierarchy.,String,,,False,UDO Variable,page_section_lvl2,page_section_lvl2,No,No,,Website / App,Digital Analytics,Draft,Medium,Global / All Journeys,1.0,,,2026-09-07,2026-09-07
page_section_lvl3,Page Section Lvl3,Page,Page,Third-level section in the page hierarchy.,String,,,False,UDO Variable,page_section_lvl3,page_section_lvl3,No,No,,Website / App,Digital Analytics,Draft,Medium,Global / All Journeys,1.0,,,2026-09-07,2026-09-07
page_canonical_url,Page Canonical URL,Page,Page,Canonical URL representing the preferred address for the current page.,String,,,False,UDO Variable,page_canonical_url,page_canonical_url,No,No,,Website / App,Digital Analytics,Draft,Medium,Global / All Journeys,1.0,,,2026-09-07,2026-09-07
page_sorting,Page Sorting,Page,Page,Sorting option applied by the customer to a list or catalogue.,String,,,False,UDO Variable,page_sorting,page_sorting,No,No,,Website / App,Digital Analytics,Draft,Medium,Global / All Journeys,1.0,,,2026-09-07,2026-09-07
page_filters,Page Filters,Page,Page,Filter name or set of filters applied on the current page.,String,,,False,UDO Variable,page_filters,page_filters,No,No,,Website / App,Digital Analytics,Draft,Medium,Global / All Journeys,1.0,,,2026-09-07,2026-09-07
page_filters_value,Page Filters Value,Page,Page,Selected value or values for the filters applied on the current page.,String,,,False,UDO Variable,page_filters_value,page_filters_value,No,No,,Website / App,Digital Analytics,Draft,Medium,Global / All Journeys,1.0,,,2026-09-07,2026-09-07
page_number,Page Number,Page,Page,Current pagination page number being viewed.,Integer,,,False,UDO Variable,page_number,page_number,No,No,,Website / App,Digital Analytics,Draft,Medium,Global / All Journeys,1.0,,,2026-09-07,2026-09-07
page_count,Page Count,Page,Page,Total number of pages available in the paginated result set.,Integer,,,False,UDO Variable,page_count,page_count,No,No,,Website / App,Digital Analytics,Draft,Medium,Global / All Journeys,1.0,,,2026-09-07,2026-09-07
page_path,Page Path,Page,Page,Path portion of the current page URL.,String,,,False,UDO Variable,page_path,page_path,No,No,,Website / App,Digital Analytics,Draft,Medium,Global / All Journeys,1.0,,,2026-09-07,2026-09-07
page_path_query,Page Path Query,Page,Page,Path and query-string portion of the current page URL.,String,,,False,UDO Variable,page_path_query,page_path_query,No,No,,Website / App,Digital Analytics,Draft,Medium,Global / All Journeys,1.0,,,2026-09-07,2026-09-07
page_load_time,Page Load Time,Page,Page,"Time taken for the page or screen to load, captured for digital performance analysis.",Decimal,,,False,UDO Variable,page_load_time,page_load_time,No,No,,Website / App,Digital Analytics,Draft,Medium,Global / All Journeys,1.0,,,2026-09-07,2026-09-07
page_identifier,Page Identifier,Page,Page,Stable identifier used to distinguish the current page or screen.,String,,,False,UDO Variable,page_identifier,page_identifier,No,No,,Website / App,Digital Analytics,Draft,Medium,Global / All Journeys,1.0,,,2026-09-07,2026-09-07
domain,Domain,Page,Page,Domain name of the current website.,String,,,False,UDO Variable,domain,domain,No,No,,Website / App,Digital Analytics,Draft,Medium,Global / All Journeys,1.0,,,2026-09-07,2026-09-07
pathname,Pathname,Page,Page,Pathname of the current page URL.,String,,,False,UDO Variable,pathname,pathname,No,No,,Website / App,Digital Analytics,Draft,Medium,Global / All Journeys,1.0,,,2026-09-07,2026-09-07
app_name,App Name,Page,App,Name of the application or mini app associated with the event.,String,,,False,UDO Variable,app_name,app_name,No,No,,Website / App,Digital Analytics,Draft,Medium,Global / All Journeys,1.0,,,2026-09-07,2026-09-07
app_category,App Category,Page,App,Category used to classify the application or mini app.,String,,,False,UDO Variable,app_category,app_category,No,No,,Website / App,Digital Analytics,Draft,Medium,Global / All Journeys,1.0,,,2026-09-07,2026-09-07
mini_app_id,Mini App ID,Page,App,Identifier of the mini app associated with the event.,String,,,False,UDO Variable,mini_app_id,mini_app_id,No,No,,Website / App,Digital Analytics,Draft,Medium,Global / All Journeys,1.0,,,2026-09-07,2026-09-07
link_name,Link Name,Event,Link,Human-readable name or text of the link or CTA selected by the customer.,String,,,False,UDO Variable,link_name,link_name,No,No,,Website / App,Digital Analytics,Draft,Medium,Global / All Journeys,1.0,,,2026-09-07,2026-09-07
link_id,Link ID,Event,Link,"Identifier of the link, button or CTA selected by the customer.",String,,,False,UDO Variable,link_id,link_id,No,No,,Website / App,Digital Analytics,Draft,Medium,Global / All Journeys,1.0,,,2026-09-07,2026-09-07
journey_name,Journey Name,Journey,Journey,Name of the overall digital journey associated with the event.,String,,,False,UDO Variable,journey_name,journey_name,No,No,,Website / App,Digital Analytics,Active,High,Global / All Journeys,1.0,,,2026-09-07,2026-09-07
journey_type,Journey Type,Journey,Journey,"Business journey the customer is currently using, such as vouchers, PPU, DStv, login, registration, wallet or virtual card.",String,Vouchers,Vouchers | PPU | DStv | Login | Registration | Wallet | Virtual Card,False,UDO Variable,journey_type,journey_type,No,No,,Website / App,Digital Analytics,Draft,High,Global / All Journeys,1.0,,,2026-09-07,2026-09-07
journey_step_name,Journey Step Name,Journey,Journey,Human-readable name of the current step within the customer journey.,String,,,False,UDO Variable,journey_step_name,journey_step_name,No,No,,Website / App,Digital Analytics,Draft,Medium,Global / All Journeys,1.0,,,2026-09-07,2026-09-07
journey_field,Journey Field,Journey,Journey,Name of the specific field or input within the digital journey that is associated with the interaction or event.,String,amount,,False,UDO Variable,journey_field,journey_field,No,No,,Website / App,Digital Analytics,Draft,Medium,Global / All Journeys,1.0,,,2026-09-07,2026-09-07
tealium_session_number,Tealium Session Number,Core / Technical,Tealium,Sequential number of the visitor's Tealium session.,Integer,,,False,UDO Variable,tealium_session_number,tealium_session_number,No,No,,Tealium,Digital Analytics,Draft,Medium,Global / All Journeys,1.0,,,2026-09-07,2026-09-07
tealium_session_event_number,Tealium Session Event Number,Core / Technical,Tealium,Sequential event number within the current Tealium session.,Integer,,,False,UDO Variable,tealium_session_event_number,tealium_session_event_number,No,No,,Tealium,Digital Analytics,Draft,Medium,Global / All Journeys,1.0,,,2026-09-07,2026-09-07
form_name,Form Name,Journey,Form,Name of the form associated with the customer journey.,String,,,False,UDO Variable,form_name,form_name,Yes,No,,Website / App,Digital Analytics,Draft,Medium,Global / All Journeys,1.0,,,2026-09-07,2026-09-11
form_type,Form Type,Journey,Form,Type or business classification of the form.,String,,,False,UDO Variable,form_type,form_type,Yes,No,,Website / App,Digital Analytics,Draft,Medium,Global / All Journeys,1.0,,,2026-09-07,2026-09-11
form_step_name,Form Step Name,Journey,Form,Name of the current step within a multi-step form.,String,,,False,UDO Variable,form_step_name,form_step_name,Yes,No,,Website / App,Digital Analytics,Draft,Medium,Global / All Journeys,1.0,,,2026-09-07,2026-09-11
form_step_number,Form Step Number,Journey,Form,Numeric position of the current step within a multi-step form.,Integer,,,False,UDO Variable,form_step_number,form_step_number,Yes,No,,Website / App,Digital Analytics,Draft,Medium,Global / All Journeys,1.0,,,2026-09-07,2026-09-11
form_completion_rate,Form Completion Rate,Journey,Form,Percentage of the form completed at the point of the event.,Decimal,,,False,UDO Variable,form_completion_rate,form_completion_rate,Yes,No,,Website / App,Digital Analytics,Draft,Medium,Global / All Journeys,1.0,,,2026-09-07,2026-09-11
form_field_incomplete,Form Field Incomplete,Journey,Form,Name of a required form field that remains incomplete or invalid.,String,,,False,UDO Variable,form_field_incomplete,form_field_incomplete,Yes,No,,Website / App,Digital Analytics,Draft,Medium,Global / All Journeys,1.0,,,2026-09-07,2026-09-11
wallet_type,Wallet Type,Journey,Wallet,Type of wallet associated with the customer's interaction or journey.,String,VodaPay Wallet,,False,UDO Variable,wallet_type,wallet_type,No,No,,Website / App,Digital Analytics,Draft,Medium,Wallet,1.0,,,2026-09-07,2026-09-07
